cut,nombre,provincia,distrito,kast_2025_2v,participacion_2025_2v,blancos_nulos_2025_2v,kast_2021_2v,boric_2021_2v,kast_2021_1v,boric_2021_1v,parisi_2021_1v,apruebo_2020,rechazo_2022,encontra_2023,votos_2021_2v,poblacion,pct_65,pct_0_14,pct_indigena,pct_inmigrante,pct_rural,pobreza_ingresos,pobreza_multi,pct_irrecup,hog_campamento,campamentos,pct_lena,pct_internet,escolaridad,pct_superior,dmcs_tasa,vif_tasa,dep_fcm,ipp_pc,org_comunitarias
8101,Concepción,Concepción,20,57.03,81.02,7,47.83,52.17,30.62,24.87,12.94,74.04,61.1,56.09,117658,230375,14.79,13.83,6.63,6.55,2.13,5.41,11.48,0.85,5.15,14,24.54,77.12,13.5,46.76,40.62,5.78,18.22,164,11.73
8102,Coronel,Concepción,20,60.28,88.02,8.7,45.36,54.64,28.06,19.98,24.76,76.06,67.52,56.13,49395,123648,12.69,20.01,9.03,2.19,2.08,6.28,13.58,0.55,21.22,16,60.59,76.54,11.7,26.49,17.52,7.37,52.9,114,5.17
8103,Chiguayante,Concepción,20,55.83,89.17,8.55,43.82,56.18,26.51,23.61,17.27,78.38,61.06,58.6,41325,85822,15.34,16.61,7.43,2.51,0.2,5.71,10.87,0.52,0,0,41.14,82,12.8,38.17,13.33,7.42,62.22,80,5.99
8104,Florida,Concepción,20,72.8,91.32,6,61.21,38.79,33.65,13.42,14.54,70.18,78.29,46.18,5694,12958,19.24,15.84,5.03,1.47,55.08,10.78,27.44,1.16,0,0,82.82,20.29,10.4,22.56,15.82,7.1,85.91,56,6.41
8105,Hualqui,Concepción,20,64.55,89.59,8.92,49.83,50.17,27.59,17.07,21.66,79.15,71.56,53.9,10808,25795,14.07,18.95,7.18,1.02,12.3,10.34,20.86,1.43,20.65,3,74.82,57.12,10.9,22.53,12.37,6.86,82.36,50,30.86
8106,Lota,Concepción,21,57.64,84.77,9.02,45.18,54.82,29.38,18.44,21.9,75.06,68.16,58.22,24817,39980,17.24,16.54,11.49,1.24,0.48,8.42,17.52,0.89,142.12,30,69.92,70.48,10.8,21.7,21.46,6.25,83.33,45,5.93
8107,Penco,Concepción,20,54.48,89.6,8.65,40.84,59.16,23.14,21.03,21.22,81.13,62.34,60.04,25044,48971,15.43,17.41,7.17,2.12,0.91,6.05,11.52,1.84,6.42,4,45.37,71.72,11.7,27.97,15.78,6.82,65.76,80,3.92
8108,San Pedro de la Paz,Concepción,20,61.62,88.77,7.93,50.27,49.73,31.1,21.28,15.7,73.07,66.42,53.86,55257,150992,10.86,20.1,8.08,4.48,0.13,5.42,9.45,0.74,8.49,8,36.41,80.67,13.1,39.51,14.91,7.41,37.5,99,2.81
8109,Santa Juana,Concepción,20,72.72,91,6.61,62.61,37.39,40.49,16.65,15.16,69.8,77.11,44.85,6914,14947,16.69,18.08,8.6,1.22,27.03,12.8,19.32,1.03,0,0,85.65,33.72,10.3,21.2,21.34,7.96,75.52,107,51.65
8110,Talcahuano,Concepción,20,58.87,85.84,8.34,48.06,51.94,30.12,20.95,20.84,76.91,64.64,56.28,73678,147322,16.23,16.43,6.31,3.06,0.89,5.08,10.55,1.43,26.74,32,39.18,76.38,12.5,35.64,25.33,7.07,29.59,158,15.62
8111,Tomé,Concepción,20,60.44,88.01,7.36,47.78,52.22,30.27,21.84,16.75,76.35,66.93,56.26,28096,56907,17.7,16.27,5.35,1.47,9.35,7.98,15.34,0.79,21.48,17,59.71,58.7,11.6,27.95,19.33,10.32,79.55,64,11.6
8112,Hualpén,Concepción,20,55.88,89.08,8.13,43.56,56.44,25.39,20.85,22.51,79.18,61.59,58.87,46608,87731,15.94,15.86,6.85,3.11,0.76,3.22,9.68,0.38,0.69,1,37.51,78.67,12.4,35.4,23.18,7.98,49.32,110,8.17
8201,Lebu,Arauco,21,67.71,86.29,7.76,55.19,44.81,39.1,17.55,14.09,66.9,76.87,48.54,10834,25246,14.32,18.77,27.69,1.69,7.11,10.52,26.35,1.06,39.19,13,85.72,57.29,10.4,19.37,17.75,6.38,85.75,40,7.61
8202,Arauco,Arauco,21,68.23,90.46,7.53,55.58,44.42,34.7,15.34,23.44,72.25,75.21,50.67,16947,37163,14.37,18.4,16.74,1.03,23.18,9.2,17.05,0.44,28.9,11,86.05,50.13,10.9,23.52,16.17,7.7,68.12,103,20.48
8203,Cañete,Arauco,21,71.39,87.5,6.02,64.98,35.02,50.46,13.96,10.91,67.39,77.95,42.43,15639,34640,14.94,19.63,37.1,0.75,44.21,13.27,27.25,0.77,9.98,2,87.21,30.95,10.3,19.58,17.67,6.84,85.99,39,9.32
8204,Contulmo,Arauco,21,73.48,84.46,5.09,69.3,30.7,57.43,12.17,7.93,55.19,81.19,36.67,3476,5905,17.83,16.66,30.7,,48.43,12.29,23.34,7.79,10.49,2,93.71,32.08,9.9,18.32,10.67,5.42,91.89,55,20.32
8205,Curanilahue,Arauco,21,65.3,87.62,8.5,50.06,49.94,31.78,17.34,20.87,75.23,74.37,53.24,15149,31119,15.06,18.85,12.76,0.9,5.88,8.48,19.83,1.53,98.33,26,88.37,59.23,10.7,20.85,18.32,6.78,77.72,57,8.39
8206,Los Álamos,Arauco,21,71.79,89.32,6.83,62.29,37.71,44.82,13.2,16.24,63.67,80.99,46,9544,21950,13.4,20.15,26.8,0.5,10.16,11.11,19.49,0.77,62.37,13,91.65,43.31,10.2,17.01,13.94,8.88,83.6,43,9.89
8207,Tirúa,Arauco,21,69.95,85.48,5.71,63.15,36.85,51.59,15.48,8.58,69.12,77.3,42.71,4918,10208,12.18,20.9,68.13,,61.49,20.08,34.12,0.61,0,0,93.15,2.5,9.5,16,13.22,8.52,91.43,37,11.27
8301,Los Ángeles,Biobío,21,75.55,87.65,6.6,65.82,34.18,42.34,13.56,16.68,63.42,79.28,39.77,84730,219441,13.43,19.1,5.36,3,24.65,8.45,14.1,0.68,4.07,11,59.84,55.5,11.7,27.08,27.26,7.88,52.93,97,10.4
8302,Antuco,Biobío,21,66.88,81.76,7.57,54.75,45.25,29.7,13.3,21.72,75.68,73.78,50.95,2205,4373,19.85,15.12,6.45,,50.02,14.45,13.58,0.94,0,0,90.19,21.95,10.5,19.8,12.81,7.32,85.44,155,15.78
8303,Cabrero,Biobío,21,74.71,90.17,7.61,62.15,37.85,34.36,12.16,25.74,68.74,80.2,43.61,12737,31256,14.8,17.68,5.04,1.79,22.66,10.35,16.97,0.7,0,0,81.53,45.08,10.6,19.94,25.28,8.13,76.36,85,4.8
8304,Laja,Biobío,21,69.22,85.31,7.86,55.18,44.82,30.4,14.58,25.75,76.15,73.28,48.85,10383,23706,16.65,17.89,6.65,1.15,27.06,11.26,16.31,1.55,20.21,4,84.65,45.63,10.7,22.23,19.99,5.69,70.9,96,9.7
8305,Mulchén,Biobío,21,71.93,86.93,7.63,56.93,43.07,37.89,13.61,18.43,72.43,77.77,43.3,12682,29036,16.28,18.08,11.14,0.38,16,12.16,22.5,0.42,15.64,5,88.29,51.16,10.1,15.69,23.01,8.4,70.21,74,29.21
8306,Nacimiento,Biobío,21,71.32,87.94,8.01,60.71,39.29,34.91,12.92,26.96,70.37,77.16,44.02,12098,26140,15.34,18.62,6.17,0.96,10.9,10.97,11.91,1.32,0,0,85,50.63,10.8,22.12,19.24,6.58,65.84,91,13.16
8307,Negrete,Biobío,21,76.72,87.77,6.76,65.07,34.93,41.7,9.45,17.84,62.69,84,39.22,4695,10723,15.37,18.36,8.51,0.73,36.07,9.95,14.79,1.53,28.97,4,88.49,23.95,10,16.38,17.07,8.21,76.53,84,16.32
8308,Quilaco,Biobío,21,68.91,87.2,5.71,57.09,42.91,36.52,12.85,12.74,73.33,77.05,43.21,2369,4440,21.87,16.64,11.06,,50.08,13.03,17.92,1.64,0,0,88.36,24.55,9.8,14.8,12.61,5.63,81.56,111,27.93
8309,Quilleco,Biobío,21,76.21,88.73,5.89,66.91,33.09,38.7,10.73,17.66,68.82,82.05,38.42,4715,9700,20.44,16.22,4.08,,38.92,13.48,17.99,1.24,13.4,2,94.86,30.43,9.9,15.57,8.56,7.84,80.79,71,23.71
8310,San Rosendo,Biobío,21,60.85,85.88,7.34,47.01,52.99,27.03,16.59,22.84,81.93,66.78,56.44,2292,3575,19.36,15.3,4.42,,14.81,10.97,14.42,1.3,22.69,1,87.14,41.6,10.8,23.13,32.73,10.35,93.43,53,15.38
8311,Santa Bárbara,Biobío,21,73.05,85.7,6.33,64.6,35.4,40.69,12.61,16.9,70.7,79.7,40.5,6453,14075,17.04,17.58,14.63,0.69,40.21,14.74,17.96,1.11,1.53,1,87.34,28.05,10.3,18.25,19.82,8.45,73.66,77,27.64
8312,Tucapel,Biobío,21,69.38,88.32,8.41,54.46,45.54,32.08,14.61,20.2,75.66,76.06,43.94,6633,15729,18.7,16.94,4.16,0.76,13.81,10.95,15.22,0.52,10.04,2,85.22,45.71,10.6,19.07,12.97,8.14,71,97,42.66
8313,Yumbel,Biobío,21,69.3,88.44,6.97,59.16,40.84,38.05,16.05,15.76,70.94,75.57,48.39,10474,23170,19.85,15.99,4.41,0.92,38.1,12.56,16.11,1.31,0,0,81.9,31.48,10.3,20.07,25.55,5.78,81.25,78,11.61
8314,Alto Biobío,Biobío,21,67.93,83.71,10.04,45.45,54.55,27.18,20.41,13.81,74.96,72.11,49.71,2420,6016,9.16,23.64,87.17,,100,22.11,38.91,13.01,26.12,3,95.86,4.78,8.4,8.86,8.48,10.64,80.05,97,20.78
